"subj","Region","Wave","Age","Volume"
"01","RightLateralVentricle","1",56.63,6855.2
"01","RightLateralVentricle","2",60.35,6729.2
"01","RightLateralVentricle","3",62.62,7233.2
"02","RightLateralVentricle","1",49.07,10611.6
"02","RightLateralVentricle","2",52.58,11774.8
"02","RightLateralVentricle","3",55.05,12070.5
"03","RightLateralVentricle","1",74.61,34241
"03","RightLateralVentricle","2",78.14,37155.2
"03","RightLateralVentricle","3",80.59,41221.4
"04","RightLateralVentricle","1",56.23,15243.9
"04","RightLateralVentricle","2",59.78,16505.1
"04","RightLateralVentricle","3",62.68,18509.1
"05","RightLateralVentricle","1",63.22,13962.1
"05","RightLateralVentricle","2",67,13755.5
"05","RightLateralVentricle","3",69.53,13143.9
"06","RightLateralVentricle","1",60.51,12281.2
"06","RightLateralVentricle","2",64.29,16135.2
"06","RightLateralVentricle","3",66.82,17163.3
"07","RightLateralVentricle","1",58.87,12133.7
"07","RightLateralVentricle","2",62.42,13055.5
"07","RightLateralVentricle","3",64.87,13651.7
"08","RightLateralVentricle","1",69.54,11336.5
"08","RightLateralVentricle","2",73.04,11729.4
"08","RightLateralVentricle","3",75.47,12308.5
"09","RightLateralVentricle","1",59.33,19342.6
"09","RightLateralVentricle","2",62.98,23205.6
"09","RightLateralVentricle","3",65.59,26889.3
"10","RightLateralVentricle","1",54.63,10401.4
"10","RightLateralVentricle","2",58.18,10923.3
"10","RightLateralVentricle","3",60.63,11690.9
"11","RightLateralVentricle","1",60,10951.3
"11","RightLateralVentricle","2",63.72,12096.1
"11","RightLateralVentricle","3",66.45,13035.3
"12","RightLateralVentricle","1",60.16,6698.7
"12","RightLateralVentricle","2",63.67,7458.8
"12","RightLateralVentricle","3",66.16,7799.9
"13","RightLateralVentricle","1",55.43,13137.1
"13","RightLateralVentricle","2",59.11,14309.4
"13","RightLateralVentricle","3",61.37,15211.3
"14","RightLateralVentricle","1",54.3,9522.5
"14","RightLateralVentricle","2",58,10897.3
"14","RightLateralVentricle","3",60.74,11556.4
"15","RightLateralVentricle","1",54.42,16960.1
"15","RightLateralVentricle","2",57.91,18430.2
"15","RightLateralVentricle","3",60.73,19667.3
"16","RightLateralVentricle","1",54.83,13374.3
"16","RightLateralVentricle","2",58.33,14418.6
"16","RightLateralVentricle","3",60.8,14530.2
"17","RightLateralVentricle","1",50.63,7606.3
"17","RightLateralVentricle","2",54.08,7598.5
"17","RightLateralVentricle","3",57.24,8435.2
"18","RightLateralVentricle","1",59.19,8722.4
"18","RightLateralVentricle","2",62.84,10431.8
"18","RightLateralVentricle","3",65.45,10836.6
"19","RightLateralVentricle","1",60.2,14277.9
"19","RightLateralVentricle","2",63.9,16017.1
"19","RightLateralVentricle","3",66.51,16491.3
"20","RightLateralVentricle","1",52.83,8374.4
"20","RightLateralVentricle","2",56.34,9449.9
"20","RightLateralVentricle","3",58.82,10028.5
"21","RightLateralVentricle","1",65.29,13731.4
"21","RightLateralVentricle","2",68.99,13762.5
"21","RightLateralVentricle","3",71.92,14551.3
"22","RightLateralVentricle","1",53.49,8742
"22","RightLateralVentricle","2",57.01,8657.9
"22","RightLateralVentricle","3",60.15,9291.5
"23","RightLateralVentricle","1",66.84,12909.6
"23","RightLateralVentricle","2",70.52,14040.5
"23","RightLateralVentricle","3",72.66,14146.1
"24","RightLateralVentricle","1",56.87,14930.3
"24","RightLateralVentricle","2",59.7,16290.8
"24","RightLateralVentricle","3",62.65,17135.4
"25","RightLateralVentricle","1",58.15,14000.2
"25","RightLateralVentricle","2",61.82,15138.9
"25","RightLateralVentricle","3",63.97,16175.3
"26","RightLateralVentricle","1",73.02,26219.3
"26","RightLateralVentricle","2",76.56,29726.8
"26","RightLateralVentricle","3",79,32457.2
"27","RightLateralVentricle","1",71.61,25861
"27","RightLateralVentricle","2",75.15,31561.6
"27","RightLateralVentricle","3",77.59,34304.9
"28","RightLateralVentricle","1",60.85,13888.5
"28","RightLateralVentricle","2",64.36,15845.8
"28","RightLateralVentricle","3",67.5,16747.4
"29","RightLateralVentricle","1",54.07,9521.2
"29","RightLateralVentricle","2",57.53,10417.1
"29","RightLateralVentricle","3",60.34,10752.1
"30","RightLateralVentricle","1",55.94,6707.8
"30","RightLateralVentricle","2",59.64,7479.1
"30","RightLateralVentricle","3",61.92,7887.8
"31","RightLateralVentricle","1",69.59,7736.6
"31","RightLateralVentricle","2",73.46,8549.8
"31","RightLateralVentricle","3",75.9,14323.7
"32","RightLateralVentricle","1",59.67,6252.8
"32","RightLateralVentricle","2",63.2,6574.3
"32","RightLateralVentricle","3",65.64,7157.6
"33","RightLateralVentricle","1",55.55,8949.8
"33","RightLateralVentricle","2",59.25,9022.6
"33","RightLateralVentricle","3",61.84,9395.1
"34","RightLateralVentricle","1",59.75,7533.4
"34","RightLateralVentricle","2",63.44,8239.8
"34","RightLateralVentricle","3",66.03,9138.5
"35","RightLateralVentricle","1",65.1,16372.8
"35","RightLateralVentricle","2",68.15,18081.3
"35","RightLateralVentricle","3",70.89,18995.1
"36","RightLateralVentricle","1",46.73,5547.6
"36","RightLateralVentricle","2",50.45,6039.9
"36","RightLateralVentricle","3",52.57,6221.9
"37","RightLateralVentricle","1",47.5,6638
"37","RightLateralVentricle","2",51.18,7448.4
"37","RightLateralVentricle","3",53.46,7388.2
"38","RightLateralVentricle","1",70.22,15596.8
"38","RightLateralVentricle","2",73.66,18024.5
"38","RightLateralVentricle","3",76.48,19997
"39","RightLateralVentricle","1",74.69,17987.4
"39","RightLateralVentricle","2",78.41,21215
"39","RightLateralVentricle","3",80.54,23593.8
"40","RightLateralVentricle","1",62.39,20519.5
"40","RightLateralVentricle","2",66.09,23171.8
"40","RightLateralVentricle","3",68.81,23754.5
"41","RightLateralVentricle","1",57.7,8451.9
"41","RightLateralVentricle","2",61.25,9169.2
"41","RightLateralVentricle","3",64.35,9934.8
"42","RightLateralVentricle","1",55.81,4907.2
"42","RightLateralVentricle","2",59.71,4642.7
"42","RightLateralVentricle","3",62.24,5100.4
"43","RightLateralVentricle","1",60.25,37379.1
"43","RightLateralVentricle","2",63.93,40134.6
"43","RightLateralVentricle","3",66.21,42271.7
"44","RightLateralVentricle","1",50.4,8374.9
"44","RightLateralVentricle","2",53.87,8003.4
"44","RightLateralVentricle","3",56.24,7681.6
"45","RightLateralVentricle","1",46.66,4408.3
"45","RightLateralVentricle","2",50.11,3777
"45","RightLateralVentricle","3",52.46,3810.2
"46","RightLateralVentricle","1",69.42,10901.9
"46","RightLateralVentricle","2",73.09,12013.9
"46","RightLateralVentricle","3",75.35,13056.1
"47","RightLateralVentricle","1",52.69,12505.1
"47","RightLateralVentricle","2",56.18,18594.1
"47","RightLateralVentricle","3",58.64,19400.7
"48","RightLateralVentricle","1",59.33,24740.8
"48","RightLateralVentricle","2",62.98,26402.4
"48","RightLateralVentricle","3",65.93,29003.3
"49","RightLateralVentricle","1",70.64,27305.8
"49","RightLateralVentricle","2",74.08,29464.8
"49","RightLateralVentricle","3",76.46,31812.1
"50","RightLateralVentricle","1",73.65,26003.5
"50","RightLateralVentricle","2",77.09,26033
"50","RightLateralVentricle","3",79.47,27756.3
"51","RightLateralVentricle","1",69.22,16639.3
"51","RightLateralVentricle","2",72.87,15380.5
"51","RightLateralVentricle","3",75.48,15853.4
"52","RightLateralVentricle","1",58.84,6861.1
"52","RightLateralVentricle","2",62.3,8220.5
"52","RightLateralVentricle","3",64.79,9509.7
"53","RightLateralVentricle","1",61.24,12230
"53","RightLateralVentricle","2",64.92,13124.3
"53","RightLateralVentricle","3",67.08,13812.7
"54","RightLateralVentricle","1",59.61,6073.5
"54","RightLateralVentricle","2",63.29,6335.8
"54","RightLateralVentricle","3",65.44,6916.1
"55","RightLateralVentricle","1",67.36,15573.1
"55","RightLateralVentricle","2",70.86,17732.9
"55","RightLateralVentricle","3",73.15,18505.4
"56","RightLateralVentricle","1",52.22,20766.7
"56","RightLateralVentricle","2",55.72,21580.3
"56","RightLateralVentricle","3",58.02,23696.2
"57","RightLateralVentricle","1",52.5,12490.4
"57","RightLateralVentricle","2",56.23,14163.5
"57","RightLateralVentricle","3",59.1,14863
"58","RightLateralVentricle","1",60.91,6100.7
"58","RightLateralVentricle","2",64.58,6600.4
"58","RightLateralVentricle","3",66.84,7359.1
"59","RightLateralVentricle","1",77.63,25954.2
"59","RightLateralVentricle","2",81.33,29977.1
"59","RightLateralVentricle","3",84.05,31927.2
"60","RightLateralVentricle","1",54.11,9146.2
"60","RightLateralVentricle","2",57.76,10377.5
"60","RightLateralVentricle","3",59.9,10314.5
"61","RightLateralVentricle","1",66.37,23222.2
"61","RightLateralVentricle","2",69.2,24359.3
"61","RightLateralVentricle","3",72.15,30908.7
"62","RightLateralVentricle","1",56.61,12964.8
"62","RightLateralVentricle","2",60.35,13689.5
"62","RightLateralVentricle","3",63.01,14056.4
"63","RightLateralVentricle","1",69.82,40721.3
"63","RightLateralVentricle","2",72.66,47038.5
"63","RightLateralVentricle","3",75.01,52859.4
"64","RightLateralVentricle","1",67.77,25771.7
"64","RightLateralVentricle","2",71.21,28823.9
"64","RightLateralVentricle","3",73.56,30465
"65","RightLateralVentricle","1",61.47,22542.6
"65","RightLateralVentricle","2",64.93,26405.4
"65","RightLateralVentricle","3",67.88,27993.7
"66","RightLateralVentricle","1",58.01,6261
"66","RightLateralVentricle","2",61.49,6502.7
"66","RightLateralVentricle","3",63.8,6918.1
"67","RightLateralVentricle","1",71.21,9966
"67","RightLateralVentricle","2",74.7,10246.6
"67","RightLateralVentricle","3",77.17,10750.9
"68","RightLateralVentricle","1",60.19,9431.2
"68","RightLateralVentricle","2",63.94,10931.6
"68","RightLateralVentricle","3",66.01,11711
"69","RightLateralVentricle","1",61.19,9223.8
"69","RightLateralVentricle","2",64.94,10613.9
"69","RightLateralVentricle","3",67.82,11992.8
"70","RightLateralVentricle","1",55.8,9376.7
"70","RightLateralVentricle","2",59.52,11134.5
"70","RightLateralVentricle","3",62.4,12632.4
"71","RightLateralVentricle","1",67.8,5876.8
"71","RightLateralVentricle","2",70.62,6630.1
"71","RightLateralVentricle","3",73,6973
"72","RightLateralVentricle","1",66.4,7858.1
"72","RightLateralVentricle","2",69.24,8874.6
"72","RightLateralVentricle","3",71.59,9297.7
"73","RightLateralVentricle","1",64.94,10104.5
"73","RightLateralVentricle","2",68.06,10634.4
"73","RightLateralVentricle","3",70.72,11892.1
"74","RightLateralVentricle","1",65.65,13703.9
"74","RightLateralVentricle","2",68.77,14620.6
"74","RightLateralVentricle","3",70.83,16278.6
